Map,5,"Cathedral",120,100,
Size,100,80,
NameT[0],"Grass",
WallT[0],0,000000FF,"",
DoorT[0],0,000000FF,"","",
FloorT[0],2,32CD32FF,"PNG/FloorTile1.png",
CostT[0],10,100,
NameT[1],"Indoor",
WallT[1],0,000000FF,"",
DoorT[1],0,000000FF,"","",
FloorT[1],2,DEB887FF,"PNG/FloorTile1.png",
CostT[1],10,200,
NameT[2],"Room",
WallT[2],0,000000FF,"",
DoorT[2],0,000000FF,"","",
FloorT[2],2,B5651DFF,"PNG/FloorTile1.png",
CostT[2],10,100,
NameT[3],"Water",
WallT[3],0,000000FF,"",
DoorT[3],0,000000FF,"","",
FloorT[3],0,0000FFFF,"",
CostT[3],40,100,
NameT[4],"Outdoor",
WallT[4],0,000000FF,"",
DoorT[4],0,000000FF,"","",
FloorT[4],0,F5DEB3FF,"",
CostT[4],10,200,
NameT[5],"Thick Wall",
WallT[5],0,000000FF,"",
DoorT[5],0,000000FF,"","",
FloorT[5],0,2F4F4FFF,"",
CostT[5],50,50,
NameT[6],"Lawn",
WallT[6],0,000000FF,"",
DoorT[6],0,000000FF,"","",
FloorT[6],0,7CFC00FF,"",
CostT[6],20,50,
NameT[7],"Wild Vegetation",
WallT[7],0,000000FF,"",
DoorT[7],0,000000FF,"","",
FloorT[7],0,006400FF,"",
CostT[7],20,50,
NameT[8],"Rooftop",
WallT[8],0,000000FF,"",
DoorT[8],0,000000FF,"","",
FloorT[8],0,FF0000FF,"",
CostT[8],20,50,
NameT[9],"Stairs-Horizontal",
WallT[9],0,000000FF,"",
DoorT[9],0,000000FF,"","",
FloorT[9],1,FF0000FF,"GIMP/stairs_horizontal.png",
CostT[9],20,50,
NameT[10],"Stairs-Vertical",
WallT[10],0,000000FF,"",
DoorT[10],0,000000FF,"","",
FloorT[10],1,FF0000FF,"GIMP/stairs_vertical.png",
CostT[10],20,50,
# ,   0,   1,   2,   3,   4,   5,   6,   7,   8,   9,  10,  11,  12,  13,  14,  15,  16,  17,  18,  19,  20,  21,  22,  23,  24,  25,  26,  27,  28,  29,  30,  31,  32,  33,  34,  35,  36,  37,  38,  39,  40,  41,  42,  43,  44,  45,  46,  47,  48,  49,  50,  51,  52,  53,  54,  55,  56,  57,  58,  59,  60,  61,  62,  63,  64,  65,  66,  67,  68,  69,  70,  71,  72,  73,  74,  75,  76,  77,  78,  79,  80,  81,  82,  83,  84,  85,  86,  87,  88,  89,  90,  91,  92,  93,  94,  95,  96,  97,  98,  99
 0,030000,030000,030000,030000,030004,030004,030000,030000,030000,030000,030000,030000,030000,030000,030000,030000,030000,030000,030000,030000,030000,030000,030000,030000,030000,030000,030000,030000,030000,030000,030000,030000,030000,030000,030000,030000,030000,030000,030000,030000,030000,030000,030000,030004,030004,030000,030000,030000,030000,030000,030000,030000,030000,030000,030000,030000,030000,030000,030000,030000,030000,030000,030000,030000,030000,030000,030000,030000,030000,030000,030000,030000,030000,030000,030000,030000,030000,030000,030000,030000,030000,030000,030000,030000,030000,030000,030000,030000,030000,030000,030000,030000,030000,030000,030000,030000,XXXX,XXXX,XXXX,XXXX
 1,030000,030000,030000,030002,010009,010003,03000C,030000,030000,030000,030000,030000,030000,030000,030000,030000,030000,030000,030000,030000,030000,030000,030000,030000,030000,030000,030004,030004,030004,030004,030000,030000,030004,030004,030004,030004,030004,030004,030000,030000,030000,030000,030002,010009,010003,030008,030000,030000,030000,030000,030000,030000,030004,030004,030004,030004,030004,030004,030000,030000,030000,030000,030000,030004,030004,030004,030000,030000,030000,030000,030000,030004,030004,030004,030004,030004,030000,030000,030000,030000,030000,030000,030000,030000,030004,030004,030004,030004,030004,030000,030000,030000,030000,030000,030000,030000,XXXX,XXXX,XXXX,XXXX
 2,030000,030000,030000,030002,01004C,010046,05000B,03000C,030004,030000,030000,030000,030000,030000,030000,030000,030000,030000,030000,030000,030000,030000,030004,030004,030004,030006,050009,050001,050001,050003,03000C,030006,050009,050001,050001,050001,050001,050003,03000C,030004,030004,030004,040002,01000C,010046,040008,030000,030004,030004,030004,030004,030006,050009,050001,050001,050001,050001,050003,03000C,030004,030004,030004,030006,050009,050001,050003,03000C,030004,030004,030004,030006,050009,050001,050001,050001,050003,030008,030000,030000,030000,030000,030000,030000,030006,050009,050001,050001,050001,050003,030008,030000,030000,030000,030000,030000,030000,XXXX,XXXX,XXXX,XXXX
 3,030000,030000,030000,030206,040819,040213,050C0C,050405,050007,010008,010000,010000,030000,030000,030000,030000,030004,030004,030004,030004,030004,030006,050009,050001,050001,050001,050000,050000,050000,050000,050001,050001,050000,050000,050000,050000,050000,050000,050001,050001,050001,050003,040008,040001,040415,040004,040006,050009,050001,050001,050001,050001,050000,050000,050000,050000,050000,050000,050001,050001,050001,050001,050001,050000,050000,050000,050001,050001,050001,050001,050001,050000,070000,070000,070000,050002,07000C,070000,070000,070000,070000,070004,070006,050009,050000,050000,050000,050000,050002,07000C,070004,070000,070000,070000,070000,070000,XXXX,XXXX,XXXX,XXXX
 4,030000,030000,030002,05020B,040C0C,040404,0A0505,080303,010809,010004,010004,010000,010000,010000,010000,010002,050009,050001,050001,050001,050001,050001,050000,050000,050000,050000,050000,050000,050000,050000,050000,050000,050000,050000,050000,050000,050000,050000,050000,050000,050000,050202,040808,040606,050909,050001,050001,050000,050000,050000,050000,050000,050000,050000,050000,050000,050000,050000,050000,050000,050000,050000,050000,050000,050000,050000,050000,050000,050000,050000,050000,050000,050000,050000,050000,050000,050003,07000C,070004,070004,070006,050009,050001,050000,050000,050000,050000,050000,050000,050001,050003,07000C,070004,070004,070004,070004,XXXX,XXXX,XXXX,XXXX
 5,030000,030000,010002,05000C,050105,050105,050307,090A0A,01080A,050009,050003,01000C,010000,010000,010000,010006,050008,050004,050000,050000,050000,050000,050000,050000,050000,050000,050000,050000,050000,050000,050000,050000,050000,050000,050000,050000,050000,050000,050000,050000,050000,050002,09000A,050109,050000,050000,050000,050000,050000,050000,050000,050000,050000,050000,050000,050000,050000,050000,050000,050000,050000,050000,050000,050000,050000,050000,050000,050000,050000,050000,050000,050000,050000,050000,050000,050000,050000,050001,050001,050001,050001,050000,050000,050000,050000,050000,050000,050000,050000,050000,050000,050001,050001,050001,050001,050001,XXXX,XXXX,XXXX,XXXX
 6,030000,010000,010000,010005,010005,010005,010005,010004,010006,050008,050000,050003,010008,010004,010002,05000D,050006,07000B,05000C,050004,050000,070000,070000,070000,070000,070000,070000,070000,070000,070000,070000,070000,070000,070000,070000,070000,070000,070000,070000,050000,050004,050006,09000A,050008,050000,050000,050000,050000,050000,050000,050000,050000,050000,050000,050000,050000,050000,050000,050000,050000,050000,050000,050000,050000,050000,050000,050000,050000,050000,050000,050000,050000,050000,050000,050000,050000,050000,050000,050000,050000,050000,050000,050000,050000,050000,050000,050000,050000,050000,050000,050000,050000,050000,050000,050000,050000,XXXX,XXXX,XXXX,XXXX
 7,030000,010000,010002,050009,050001,050001,050001,050001,050001,050000,050000,050006,07000A,05000F,070008,070001,070001,070000,070001,070003,05000C,050004,050004,050004,050000,050000,050000,050004,050004,050004,050004,050004,050000,070000,070000,070000,070000,070000,070000,050002,080009,0A0005,080006,050008,050000,050000,050000,050000,050000,050000,050000,050000,050000,050000,050000,050000,050000,050000,050000,050000,050000,050000,050000,050000,050000,050000,050000,050000,050000,050000,050000,050000,050000,050004,050004,050000,050000,050000,050000,050000,050000,050000,050000,050000,050000,050000,050000,050000,050000,050000,050000,050000,050004,050004,050004,050004,XXXX,XXXX,XXXX,XXXX
 8,030000,010000,010006,050008,050000,050000,050000,050000,050000,050004,050006,070009,070000,070001,070000,070000,070000,070000,070000,070000,070001,070001,070001,070003,05000C,050004,050006,070009,070001,070001,070001,070003,05000C,050004,050004,050004,050000,050000,050000,050006,09000A,05000D,050005,050004,050004,050000,050000,050000,050000,050000,050000,050000,050000,050000,050004,050004,050004,050004,050004,050004,050000,050000,050004,050004,050004,050004,050004,050004,050004,050004,050004,050000,050002,070009,070003,05000C,050004,050004,050004,050004,050004,050000,050000,050000,050000,050004,050004,050004,050004,050004,050004,050006,070009,070001,070001,070003,XXXX,XXXX,XXXX,XXXX
 9,030000,010006,050009,050000,050000,050000,050004,050004,050006,070009,070001,070000,070000,070000,070000,070000,070000,070000,070000,070000,070000,070000,070000,070000,070001,070001,070001,070000,070000,070000,070000,070000,070001,070001,070001,070003,05000C,050004,050006,070009,070000,070001,070001,070001,070003,05000C,050004,050004,050000,050000,050004,050004,050004,050006,070009,070001,070001,070001,070001,070003,05000C,050006,070009,070001,070001,070001,070001,070001,070001,070001,070003,05000C,050006,070008,070000,070001,070001,070001,070001,070001,070003,05000C,050004,050004,050006,070009,070001,070001,070001,070001,070001,070001,070000,070000,070000,070002,XXXX,XXXX,XXXX,XXXX
10,030002,050009,050000,050000,050004,050006,070009,070001,070001,070000,070000,070000,070000,070000,070000,070000,070000,070000,070000,070000,070000,070000,070000,070000,070000,070000,070000,070000,070000,070000,070000,070000,070000,070000,070000,070000,070001,070001,070001,070000,070000,070000,070000,070000,070000,070001,070001,070003,05000C,050006,070009,070001,070001,070001,070000,070000,070000,070000,070000,070000,070001,070001,070000,070000,070000,070000,070000,070000,070000,070000,070000,070001,070001,070000,070000,070000,070000,070000,070000,070000,070000,070001,070001,070001,070001,070000,070000,070000,070000,070404,070404,070000,070000,070000,070000,070002,XXXX,XXXX,XXXX,XXXX
11,030002,05000C,050000,050002,070009,070001,070000,070000,070000,070000,070000,070000,070000,070000,070000,070000,070000,070000,070000,070000,070000,070000,070000,070000,070000,070000,070000,070000,070000,070000,070000,070000,070000,070000,070000,070000,070000,070000,070000,070000,070000,070000,070202,090A0A,070808,070000,070000,070000,070001,070001,070000,070000,070000,070000,070000,070000,070000,070000,070000,070000,070000,070000,070000,070000,070000,070000,070000,070000,070000,070000,070000,070000,070000,070000,070000,070000,070000,070000,070000,070000,070000,070000,070000,070000,070000,070000,070000,070000,070202,040909,040303,070C0C,070404,070404,070404,070606,XXXX,XXXX,XXXX,XXXX
12,030000,030003,050008,050002,07000C,070004,070004,070000,070000,070000,070000,070000,070000,070000,070000,070000,070000,070000,070000,070000,070000,070000,070000,070000,070000,070000,070000,070000,070000,070000,070000,070000,070000,070000,070000,070000,070000,070000,070000,070000,070000,070000,070202,090A0A,070808,070000,070000,070000,070000,070000,070000,070000,070000,070000,070000,070000,070000,070000,070000,070000,070000,070000,070000,070000,070000,070000,070000,070000,070000,070000,070000,070000,070000,070000,070000,070000,070000,070000,070000,070000,070000,070000,070000,070000,070000,070000,070000,070000,070202,040C0C,040000,040505,040505,040505,040505,020507,XXXX,XXXX,XXXX,XXXX
13,030000,030002,05000C,050000,050005,050005,050007,07040C,070000,070000,070000,070000,070000,070000,070000,070000,070000,070000,070000,070000,070000,070000,070000,070000,070000,070000,070000,070000,070000,070000,070000,070000,070000,070000,070000,070000,070000,070000,070000,070000,070000,070004,070206,090A0A,07080C,070004,070000,070000,070000,070000,070000,070000,070000,070000,070000,070000,070000,070000,070000,070000,070000,070000,070000,070000,070000,070000,070000,070000,070000,070000,070000,070000,070000,070000,070000,070404,070404,070404,070000,070000,070000,070000,070000,070000,070000,070000,070000,070004,070004,070307,040A0A,01090D,010105,010105,010505,010103,XXXX,XXXX,XXXX,XXXX
14,030000,030000,030003,05000A,040009,040001,040001,040303,070C0C,070404,070000,070000,070000,070000,070000,070000,070000,070000,070000,070000,070000,070000,070000,070000,070000,070000,070000,070000,070000,070000,070000,070000,070000,070000,070000,070000,070000,070000,070000,070000,070002,080009,080003,09000A,080009,080003,070008,070000,070000,070000,070000,070000,070000,070000,070000,070000,070000,070000,070000,070000,070000,070000,070000,070000,070000,070000,070000,070000,070000,070000,070000,070000,070000,070000,070202,040909,040101,040303,070808,070000,070000,070000,070000,070000,070000,070000,070006,080009,080005,080007,04000A,080009,080001,080003,0A0109,010002,XXXX,XXXX,XXXX,XXXX
15,030000,030000,030002,05000A,040008,070400,070000,040400,040501,040303,070C0C,070404,070404,070404,070404,070404,070404,070404,070404,070404,070404,070404,070404,070404,070404,070404,070404,070404,070404,070404,070404,070404,070404,070404,070404,070404,070404,070404,070404,070404,070406,08000C,080006,09000A,08000C,080006,07040C,070404,070404,070404,070404,070404,070404,070404,070404,070404,070404,070404,070404,070404,070404,070404,070404,070404,070404,070404,070404,070404,070404,070404,070404,070404,070404,070404,070606,040808,040000,040202,070C0C,070404,070404,070404,070404,070404,070404,070406,080009,080006,040009,040001,040002,080008,080000,080002,0A000C,010002,XXXX,XXXX,XXXX,XXXX
16,030000,030000,030002,05000A,04000C,040100,070000,070100,070100,040000,040101,040101,040101,040101,040101,040101,040101,040101,040101,040101,040101,040101,040101,040101,040101,040101,040101,040101,040101,040101,040101,040101,040101,040101,040101,040101,040101,040101,040101,040101,040101,040001,040001,040000,040001,040001,040101,040101,040101,040101,040101,040101,040101,040101,040101,040101,040101,040101,040101,040101,040101,040101,040101,040101,040101,040101,040101,040101,040101,040101,040101,040101,040101,040101,040101,040000,040000,040000,040101,040101,040101,040101,040101,040101,040101,040103,08000A,04000D,040004,040004,040002,08000C,080004,080006,05000F,09000A,XXXX,XXXX,XXXX,XXXX
17,030000,030000,030006,050008,050003,04040C,040404,070004,070004,070004,040000,040000,040000,040000,040000,040000,040000,040000,040000,040000,040000,040000,040000,040000,040000,040000,040000,040000,040000,040000,040000,040000,040000,040000,040000,040000,040000,040000,040004,040004,040004,040000,040000,040004,040000,040000,040004,040004,040004,040004,040000,040000,040004,040000,040000,040004,040000,040000,040004,040000,040000,040000,040000,040004,040004,040000,040000,040004,040000,040000,040004,040004,040004,040004,040000,040000,040004,040000,040000,040004,040000,040000,040000,040004,040004,040002,08000C,040005,040005,040005,040002,040009,040001,040003,010009,010006,XXXX,XXXX,XXXX,XXXX
18,030000,030002,050009,050004,050006,040109,040105,040005,0A0405,0A0405,040000,040000,040000,040000,040000,040000,040000,040000,040000,040000,040000,040000,040000,040000,040000,040000,040000,040000,040000,040000,040000,040000,040000,040000,040000,040000,040000,040002,040009,040001,040003,04000C,040006,05000F,04000C,040006,05000D,050005,050005,050007,04000C,040006,05000F,04000C,040006,05000F,04000C,040006,05000F,04000C,040004,040004,040006,02000B,05000F,04000C,040006,05000F,04000C,040006,05000D,050005,050005,050007,04000C,040006,05000F,04000C,040006,05000F,04000C,040004,040006,05000D,050007,040008,040001,000001,000001,000003,04000A,040008,040000,040002,01000A,070009,XXXX,XXXX,XXXX,XXXX
19,030000,030002,05000A,010009,010003,01040C,010405,010003,00050D,000505,000404,000404,000404,000404,000404,000404,000404,000404,000404,000404,000404,000404,000404,000404,000404,000404,000404,000404,000404,000404,000404,000404,000404,000404,000404,000404,000000,000002,040008,040002,02000E,010009,010001,010001,010001,010001,010001,010001,010001,010001,010001,010001,010001,010001,010001,010001,010001,010001,010001,010001,010001,010001,010003,01000C,010001,010001,010001,010001,010001,010001,010001,010001,010001,010001,010001,010001,010001,010001,010001,010001,010001,010001,010001,010003,040009,040000,040000,000000,000000,000002,04000A,040008,040000,040002,01000A,070008,XXXX,XXXX,XXXX,XXXX
20,030000,030002,05000A,01004C,010006,000109,000303,010A0A,000909,000101,000101,010101,010101,010101,010101,010101,010101,010101,010101,010101,010101,010101,010101,010101,010101,010501,010101,010101,010101,010101,010101,010101,010101,010101,010101,010303,000C0C,000406,04000C,040004,040027,010088,010000,010000,010000,010000,010000,010000,010000,010000,010000,010000,010000,010000,010000,010000,010000,010000,010000,010000,010000,010000,010002,05000B,010008,010000,010000,010000,010000,010000,010000,010000,010000,010000,010000,010000,010000,010000,010000,010000,010000,010000,010000,010002,040008,040002,04000A,000008,000000,000002,04000A,040008,040000,040002,01000A,070008,XXXX,XXXX,XXXX,XXXX
21,030000,030002,05000A,01021B,000809,000000,000202,010A0A,000808,000000,000000,010000,000000,000000,000000,000000,000000,000000,000000,000000,000000,000000,000000,000000,000000,000100,000000,000000,000000,000000,000000,000000,000000,000000,000000,010000,010101,010101,010001,010003,05000B,010008,010000,070000,070000,070000,070000,070000,070000,070000,070000,070000,070000,070000,070000,070000,070000,070000,070000,070000,070000,010000,010002,05000A,010008,010000,010000,010000,010000,010000,010000,010000,010000,010000,010000,010000,010000,010000,010000,010000,010000,010000,010000,010002,040008,040002,04000A,000008,000000,000002,04000A,040008,040000,040002,01000A,070008,XXXX,XXXX,XXXX,XXXX
22,030000,030002,05000A,01020A,000C0C,000000,000606,010A0A,000808,000000,000000,010000,000000,000000,000000,000000,000000,000000,000000,000000,000000,000000,000000,000000,000000,000000,000000,000000,000000,000000,000000,000000,000000,000000,000000,010000,010000,010000,010000,010002,05000A,010008,010000,070000,060000,060000,060000,060000,060000,060000,060000,060000,060000,060000,060000,060000,060000,060000,060000,060000,070000,010000,010002,05000A,010008,010000,010000,010000,010000,010000,010000,010000,010000,010000,010000,010000,010000,010000,010000,010000,010000,010000,010000,010002,040008,040002,04000A,000008,000000,000002,04000A,040008,040000,040002,09000A,070008,XXXX,XXXX,XXXX,XXXX
23,030000,030002,05000A,010008,010103,00000A,010109,010606,000808,000000,000000,010000,000000,000000,000000,000000,000000,000000,000000,000000,000000,000000,000000,000000,000000,000000,000000,000000,000000,000000,000000,000000,000000,000000,000000,000000,000000,000202,010808,010002,05000E,010008,010000,070000,060000,060000,060000,060000,060000,060000,060000,060000,060000,060000,060000,060000,060000,060000,060000,060000,070000,010000,010002,05000E,010008,010000,010000,010000,010000,010000,010000,010000,010000,010000,010000,010000,010000,010000,010000,010000,010000,010000,010000,010002,04000C,040002,04000A,00000C,000004,000006,04000A,040008,040000,040002,01000A,070008,XXXX,XXXX,XXXX,XXXX
24,030000,030002,05000A,010008,010000,000000,010202,000B0B,000808,000000,000000,010000,000000,000000,000000,000000,000000,000000,000000,000000,000000,000000,000000,000000,000000,000000,000000,000000,000000,000000,000000,000000,000000,000000,000000,000000,000000,000202,010808,010202,05080D,010000,010000,070000,060000,060000,070000,070000,070000,070000,070000,070000,070000,070000,070000,070000,070000,070000,060000,060000,070000,010000,010022,01008D,010000,010000,010000,010000,010000,010000,010000,010000,010000,010000,010000,010000,010000,010000,010000,010000,010000,010000,010000,010002,05000F,04000A,04000C,040005,040005,040005,040002,090008,090000,090002,01000A,070008,XXXX,XXXX,XXXX,XXXX
25,030000,030002,05000A,010008,010000,010000,010606,000A0A,000808,000000,000000,010000,000000,000000,000000,000000,000000,000000,000000,000000,000000,000000,000000,000000,000000,000000,000000,000000,000000,000000,000000,000000,000000,000000,000000,000000,000000,000202,000808,000202,05080D,010000,010000,070000,060000,060000,070000,060000,060000,060000,060000,060000,060000,060000,060000,060000,060000,070000,060000,060000,070000,010000,010002,05000B,010008,010000,010000,010000,010000,010000,010000,010000,010000,010000,010000,010000,010000,010000,010000,010000,010000,010000,010000,010002,000009,000000,000001,000001,000001,000003,04000A,090008,090000,090002,01000A,070008,XXXX,XXXX,XXXX,XXXX
26,030000,030002,05000A,01000C,010000,010202,000909,000202,000808,000000,000000,010000,000000,000000,000000,000000,000000,000000,000000,000000,000000,000000,000000,000000,000000,000000,000000,000000,000000,000000,000000,000000,000000,000000,000000,000404,000404,000606,000808,000202,05080D,010000,010000,070000,060000,060000,070000,060000,060000,060000,060000,060000,060000,060000,060000,060000,060000,060000,060000,060000,070000,010000,010002,05000A,010008,010000,010000,010000,010000,010000,010000,010000,010000,010000,010000,010000,010000,010000,010000,010000,010000,010000,010000,010002,000008,000000,000000,000000,000000,000002,09000A,090008,090000,090002,09000A,070008,XXXX,XXXX,XXXX,XXXX
27,030000,030002,05000C,050003,01000C,010000,000404,000202,000808,000000,000000,010000,000000,000000,000000,000000,000000,000000,000000,000000,000000,000000,000000,000000,000000,000000,000000,000000,000000,000000,000000,000000,000000,000000,000000,000101,000101,000101,000000,000002,05000B,010008,010000,070000,060000,060000,070000,060000,060000,060000,060000,060000,060000,060000,060000,060000,060000,070000,060000,060000,070000,010000,010002,05000A,010008,010000,010000,010000,010000,010000,010000,010000,010000,010000,010000,010000,010000,010000,010000,010000,010000,010000,010000,010002,00000C,000000,000000,000000,000000,000002,09000A,090008,090000,090002,01000A,070008,XXXX,XXXX,XXXX,XXXX
28,030000,030000,040003,05000C,050003,01000C,010303,000E0E,000808,000000,000000,010000,000000,000000,000000,000000,000000,000000,000000,000000,000000,000000,000000,000000,000000,000000,000000,000000,000000,000000,000000,000004,000004,000004,000004,000004,000004,000004,000004,000006,05000A,010008,010000,070000,060000,060000,070000,070000,070000,070000,070000,070000,070000,070000,070000,070000,070000,070000,060000,060000,070000,010000,010002,05000A,010008,010000,010000,010000,010000,010000,010000,010000,010000,010000,010000,010000,010000,010000,010000,010000,010000,010000,010000,010000,010003,00000C,000000,000000,000000,000022,040088,040000,040000,040002,01000A,070008,XXXX,XXXX,XXXX,XXXX
29,030000,030000,040000,040003,05000C,050003,01000C,010303,000808,000000,000000,010000,010000,010000,010000,010000,010000,010000,010000,010000,010000,000000,000000,000000,000000,000000,000000,000000,000000,000000,000002,050009,050005,050005,050005,050005,050005,050005,050005,050005,050002,010008,010000,070000,060000,060000,060000,060000,060000,060000,060000,060000,060000,060000,060000,060000,060000,060000,060000,060000,070000,010000,010002,05000E,010008,010004,010004,010004,010004,010004,010004,010004,010004,010004,010004,010004,010004,010004,010004,010004,010004,010004,010004,010006,01000C,010003,00000C,000004,000004,000006,04000E,04000C,040004,040006,01000A,070008,XXXX,XXXX,XXXX,XXXX
30,030000,030000,030000,040000,040007,050008,050003,01000C,010000,000000,000000,010000,000000,000000,000000,000000,000000,000000,000000,000000,010000,000404,000404,000404,000404,000004,000404,000404,000404,000404,000406,05000A,010009,010001,010001,010001,010001,010001,010001,010003,05000A,010008,010000,070000,060000,060000,060000,060000,060000,060000,060000,060000,060000,060000,060000,060000,060000,060000,060000,060000,070000,010000,010002,02000B,010008,010005,010005,010003,05000D,050005,050005,050005,050005,050005,050005,050005,050005,050005,050005,050005,050005,050005,050005,050005,050007,01000A,020009,020003,010009,010405,010405,010405,010405,010003,09000A,070008,XXXX,XXXX,XXXX,XXXX
31,030000,030000,030000,040002,050009,050004,050004,050003,01000C,010000,010404,010404,000000,000000,000000,000000,000000,000000,000000,000000,010000,000101,000101,000101,000101,000001,000101,000101,000101,000101,000103,05000A,010008,010000,010000,010000,010000,010000,010000,010002,05000A,010008,010000,070000,070000,070000,070000,070000,070000,070000,070000,070000,070000,070000,070000,070000,060000,070000,070000,070000,070000,010000,010002,010008,010000,010001,010003,010008,010001,010001,010001,010001,010003,080009,080001,080001,080001,080001,080003,000009,000001,000001,000003,040009,040003,01002A,02008C,020006,09020A,040909,040101,040101,040303,01080A,01000A,070008,XXXX,XXXX,XXXX,XXXX
32,030000,030000,030000,040002,05000A,070009,070003,05000C,050003,01000C,010303,000D0D,000404,000000,000000,000000,000000,000000,000000,000000,010000,000000,000000,000000,000000,000000,000000,000000,000000,000000,000002,05000A,010008,010000,010000,010000,010000,010000,010000,010002,05000A,010008,010000,010000,010000,010000,010000,010000,010000,010000,010000,010000,010000,010000,010000,010000,010000,010000,010000,010000,010000,010000,010002,010008,010000,010000,010002,010008,010000,010000,010000,010000,010002,080008,080000,080000,080000,080000,080002,000008,000000,000000,000002,040008,040002,04020A,040809,0A0405,080606,040808,040000,040000,040202,01080A,01000A,070008,XXXX,XXXX,XXXX,XXXX
33,030000,030000,030000,040002,05000A,07000C,070000,070003,05000C,050007,01000C,010101,010303,000C0C,000404,000404,000404,000404,000404,000404,010000,000000,000000,000000,000000,000000,000000,000000,000000,000000,000002,05000A,010008,010000,010000,010000,010000,010000,010000,010002,05000A,01004C,010004,010004,010004,010004,010004,010004,010004,010004,010000,010004,010004,010004,010004,010004,010004,010004,010004,010004,010004,010004,010006,010008,010000,010000,010002,010008,010000,010000,010000,010000,010002,080008,080000,080000,080000,080000,080002,000008,000000,000000,000002,040008,040002,04020A,040808,040101,040101,040000,040000,040000,040202,01080A,01000A,070008,XXXX,XXXX,XXXX,XXXX
34,030000,030000,030000,040002,050008,050003,070008,070000,070001,070001,070003,01000C,010000,010101,010101,010101,010101,010101,010101,010101,010000,000000,000000,000000,000000,000000,000000,000000,000000,000000,000002,05000A,010008,010000,010000,010000,010000,010404,010404,010002,05000E,04001B,05000D,050005,050005,050005,050005,050001,050005,050007,01004E,05000D,050005,050005,050003,040009,040001,040001,040001,040001,040001,040001,040003,01000C,010004,010004,010006,01000C,010004,010004,010004,010004,010006,08000C,080004,080004,080004,080004,080006,00000C,000004,000004,000002,040008,040002,04020A,040808,040000,040000,040000,040000,040000,040202,01080A,01000A,070008,XXXX,XXXX,XXXX,XXXX
35,030000,030000,040000,040006,050008,050002,070008,070000,070000,070000,070000,070003,01000C,010206,09080C,090206,01080C,010004,010004,010004,010004,000004,000004,000004,000004,000004,000004,000004,000004,000004,000006,05000A,01000C,010004,010004,010004,010206,0A090D,0A0105,010044,010027,040088,040001,040001,040001,040001,040003,05000A,010009,010001,010011,010001,010001,010003,05000A,04000C,040000,040000,040000,040004,040000,040000,040004,040001,040001,040001,040001,040001,040001,040001,040001,040001,040001,040001,040001,0A0005,0A0005,040005,0A0005,0A0005,0A0005,0A0005,040002,040008,040002,04020A,040808,040000,040000,040000,040000,040000,040202,01080A,01000A,070008,XXXX,XXXX,XXXX,XXXX
36,030000,030000,040002,050009,050000,050006,070008,070000,070000,070000,070000,070000,070003,040009,040001,040001,040001,040001,040001,040001,040001,040001,040001,040001,040001,040001,040001,040001,040001,040001,040003,05000A,010009,010001,010001,010001,010001,010001,010001,010013,05000B,040008,040000,040000,040000,040000,040002,05000A,010008,010000,010000,010000,010000,010002,05000C,050003,04000C,040000,040002,05000B,040008,040002,05000B,040008,040000,040000,040004,040000,040004,040000,040000,040000,040000,040000,040000,040001,040001,040001,040001,040001,040001,040003,09000A,040008,040002,04020A,040808,040000,040000,040000,040000,040000,040202,01080A,01000A,070008,XXXX,XXXX,XXXX,XXXX
37,030000,030000,040002,050008,050002,070009,070000,070000,070000,070000,070000,070000,070002,040008,040000,040000,040000,040000,040000,040000,040000,040000,040000,040000,040000,040000,040000,040000,040000,040000,040002,05000A,010008,010000,010000,010000,010000,010000,010000,010002,05000A,040008,040000,040000,040000,040000,040002,05000A,010008,010000,010000,010000,010000,010000,010003,05000C,050003,04000C,040006,05000A,04000C,040006,05000A,04000C,040004,040006,05000B,04000E,05000B,04000C,040000,040000,040000,040000,040000,040000,000000,000000,000000,000000,000000,040002,09000A,040008,040002,04020A,040808,040000,040000,040000,040000,040000,040202,01080A,01000A,070008,XXXX,XXXX,XXXX,XXXX
38,030000,030000,040002,050008,050002,07000C,070000,070000,070000,070000,070000,070000,070002,040008,040000,040000,040000,040000,040000,040000,040000,040000,040000,040000,040000,040000,040000,040000,040000,040000,040002,05000A,010008,010000,010000,010000,010000,010000,010000,010002,05000E,040008,040000,040000,040000,040000,040002,05000A,010008,010000,010000,010000,010000,010000,010000,010003,050008,050005,050005,050000,050005,050005,050004,050005,050005,050001,050004,050005,050004,050003,04000C,040000,040000,040000,040000,040000,000000,000000,000000,000000,000000,040002,09000A,040008,040002,04020A,040C0C,040000,040000,040404,040404,040000,040202,01080A,01000A,070008,XXXX,XXXX,XXXX,XXXX
39,030000,030000,040002,050008,050000,050003,07000C,070000,070000,070000,070000,070000,070002,040008,040000,040000,040000,040000,040000,040000,040000,040000,040000,040000,040000,040000,040000,040000,040000,040000,040002,05000A,010008,010000,010000,010000,010000,010000,010000,010000,010027,040088,040000,040000,040000,040000,040002,05000A,010008,010000,010000,010000,010000,010000,010000,010006,05000A,010009,010003,05000A,010009,010001,010001,010001,010003,05000A,010009,010001,010003,050008,050007,040008,040000,040000,040000,040000,000000,000000,000000,000000,000000,040002,09000A,040008,040002,040008,040303,020C0C,020606,040909,040303,040808,040202,01080A,01000A,070008,XXXX,XXXX,XXXX,XXXX
40,030000,030000,040002,050008,050000,050000,050003,07000C,070004,070000,070000,070000,070002,040008,040000,040000,040000,040000,040000,040000,040000,040000,040000,040000,040000,040000,040000,040000,040000,040000,040002,05000A,010008,010000,010000,010000,010000,010000,010000,010002,05000B,04040C,040404,040404,040000,040000,040006,05000A,010008,010000,010000,010000,010000,010000,010006,05000D,050006,010008,010006,05000E,010008,010004,010004,010000,010006,05000E,010008,010000,010002,05000A,040009,040004,040000,040000,040000,040000,000000,000000,000000,000000,000000,040002,09000A,040008,040002,04000C,040004,040105,040105,040000,040606,040808,040202,01080A,01000A,070008,XXXX,XXXX,XXXX,XXXX
41,030000,030000,040002,050008,050000,050004,050004,050005,050003,07000C,070000,070000,070002,040008,040000,040000,040000,040000,040000,040000,040000,040000,040000,040000,040000,040000,040000,040000,040000,040000,040002,05000A,01000C,010004,010004,010004,010004,010004,010004,010006,05000E,02010D,0A0105,0A0105,040000,040006,050009,050002,010008,010000,010000,010000,010000,010002,050009,050003,010009,010002,050009,050003,01000A,050009,050003,01000A,050009,050003,010008,010000,010002,05000A,04000E,05000F,040008,040000,040004,040000,000000,000000,000000,000000,000000,040002,09000A,040008,040002,010009,010001,010001,010003,04020A,040909,040000,040202,01080A,01000A,070008,XXXX,XXXX,XXXX,XXXX
42,030000,030000,040002,050008,050002,040009,040001,040003,05000C,050007,07000C,070004,070006,040008,040000,040000,040000,040000,040000,040000,040000,040000,040000,040000,040000,040000,040000,040000,040000,040000,040002,050008,050007,05040F,05000D,050005,050007,05040F,05000D,050005,050007,05040F,05000D,050007,04004E,05000D,050004,050006,010008,010000,010000,010000,010000,010002,05000C,050006,010008,010002,05000C,050006,01000A,05000C,050006,01000A,05000C,050006,010008,010000,010006,05000C,050003,04000D,040004,040006,05000F,040008,000000,000000,000000,000000,000000,040002,09000A,040008,040002,010008,010000,010000,010002,04020A,040808,040000,040202,01080A,01000A,070008,XXXX,XXXX,XXXX,XXXX
43,030000,030000,040002,050008,050002,040008,040000,040000,040001,040001,040001,040001,040001,040000,040000,040000,040000,040000,040000,040000,040000,040000,040000,040000,040000,040000,040000,040000,040000,040000,040002,05000E,010009,010101,010001,010001,010001,010101,010001,010203,020C0D,0A0505,0A0405,010001,010011,010001,010001,010001,010000,010000,010000,010000,010000,010000,010001,010001,010000,010000,010001,010001,010000,010001,010001,010000,010001,010001,010000,010002,050009,050003,05000C,050005,050005,050003,040009,040000,000000,000000,000000,000000,000000,040002,09000A,040008,040002,01000C,010004,010000,010002,04020A,040808,040000,040202,01080A,01000A,070008,XXXX,XXXX,XXXX,XXXX
44,030000,040000,040002,050008,050002,04000C,040000,040000,040000,040000,040000,040000,040000,040000,040000,040000,040000,040000,040000,040000,040000,040000,040000,040000,040000,040000,040000,040000,040000,040000,040000,040027,010088,010000,010000,010000,010000,010000,010000,010000,010101,010101,010101,010000,010000,010000,010000,010000,010000,010000,010000,010000,010000,010000,010000,010000,010000,010000,010000,010000,010000,010000,010000,010000,010000,010000,010000,010002,05000C,050006,010009,010001,010003,05000A,040008,040004,000000,000004,000000,000000,000000,040002,040008,040000,040002,020009,020003,01000C,010046,04020A,040C0C,040404,040606,01080A,01000A,070008,XXXX,XXXX,XXXX,XXXX
45,030000,040000,040002,050008,050000,050003,040008,040000,040000,040000,040000,040000,040000,040000,040000,040000,040000,040000,040000,040000,040000,040000,040000,040000,040000,040000,040000,040000,040000,040000,040002,05000B,010008,010000,010000,010004,010000,010000,010000,010004,010000,010000,010000,010004,010000,010000,010004,010004,010000,010000,010000,010000,010000,010000,010004,010004,010000,010000,010000,010004,010000,010000,010004,010000,010004,010000,010000,010000,010001,010001,010000,010000,010002,05000A,04000E,05000F,04000A,05000B,040008,040000,040000,040006,04000C,040004,040006,02000C,020004,040005,040015,040206,01090D,010105,010105,010006,01000A,070008,XXXX,XXXX,XXXX,XXXX
46,030000,040000,040002,050008,050000,050002,040008,040000,040000,040000,040000,040000,040000,040000,040000,040000,040000,040000,040000,040000,040000,040000,040000,040000,040000,040000,040000,040000,040000,040000,040002,05000A,010008,010000,010002,05000F,010008,010000,010002,05000F,010008,010000,010002,05000F,010008,010002,050009,050003,010008,010000,010000,010000,010000,010002,050009,050003,010008,010000,010002,05000F,010008,010002,05000F,01000A,05000F,010008,010004,010000,010000,010004,010004,010004,010006,050008,050003,04000D,040006,05000A,04000C,040000,040006,05000F,080009,080001,080001,080001,080001,080001,080001,080003,070009,070001,070001,070203,01080A,070008,XXXX,XXXX,XXXX,XXXX
47,030000,040000,040002,050008,050000,050002,040008,040000,040000,040000,040000,040000,040000,040000,040000,040000,040000,040000,040000,040000,040000,040000,040000,040000,040000,040000,040000,040000,040000,040000,040002,05000A,010008,010000,010000,010001,010000,010000,010000,010001,010000,010000,010000,010001,010000,010002,05000C,050006,010008,010000,010000,010000,010000,010002,05000C,050006,010008,010000,010000,010001,010000,010000,010001,010000,010001,010002,05000F,010008,010002,050009,050003,05000D,050005,050004,050004,050005,050005,050004,050003,04000E,05000F,080009,080000,080000,080000,080000,080000,080000,080000,080002,070008,070000,070000,070202,01080A,070008,XXXX,XXXX,XXXX,XXXX
48,030000,040000,040002,050008,050000,050002,040008,040000,040000,040000,040000,040000,040000,040000,040000,040000,040000,040000,040000,040000,040000,040000,040000,040000,040000,040000,040000,040000,040000,040000,040002,05000E,010008,010000,010000,010000,010000,010000,010000,010000,010000,010000,010000,010000,010000,010000,010001,010001,010000,010000,010000,010000,010000,010000,010001,010001,010000,010000,010000,010000,010000,010000,010000,010000,010000,010000,010001,010004,010002,05000C,050006,010009,010001,010001,010001,010001,010001,010003,05000C,050003,080009,080000,080000,080000,080000,080000,080000,080000,080000,080002,070008,070000,070000,070202,01080A,070008,XXXX,XXXX,XXXX,XXXX
49,030000,040000,040002,050008,050000,050002,040008,040000,040000,040000,040000,040000,040000,040000,040000,040000,040000,040000,040000,040000,040000,040000,040000,040000,040000,040000,040000,040000,040000,040000,040000,040023,010088,010000,010000,010000,010000,010000,010000,010000,010000,010000,010000,010000,010000,010000,010000,010000,010000,010000,010000,010000,010000,010000,010000,010000,010000,010000,010000,010000,010000,010000,010000,010404,010000,010000,010002,05000F,010008,010001,010001,010000,010000,010000,010000,010000,010000,010000,010003,05000A,080008,080000,080000,080000,080000,080000,080000,080000,080000,080002,070008,070000,070000,070202,01080A,070008,XXXX,XXXX,XXXX,XXXX
50,030000,040000,040002,050008,050000,050002,040008,040000,040000,040000,040000,040000,040000,040000,040000,040000,040000,040000,040000,040000,040000,040000,040000,040000,040000,040000,040000,040000,040000,040000,040000,040022,010088,010000,010000,010000,010000,010000,010000,010000,010000,010000,010000,010000,010000,010000,010000,010000,010000,010000,010000,010000,010000,010000,010000,010000,010000,010000,010000,010000,010000,010000,010202,020D0D,010000,010000,010000,010005,010000,010000,010000,010000,010000,010000,010000,010000,010000,010000,010002,05000A,080008,080000,080000,080000,080000,080000,080000,080000,080000,080002,070008,070000,070000,070202,01080A,070008,XXXX,XXXX,XXXX,XXXX
51,030000,040000,040002,050008,050000,050002,040008,040000,040000,040000,040000,040000,040000,040000,040000,040000,040000,040000,040000,040000,040000,040000,040000,040000,040000,040000,040000,040000,040000,040000,040000,040026,010088,010000,010000,010000,010000,010000,010000,010000,010000,010000,010000,010000,010000,010000,010000,010000,010000,010000,010000,010000,010000,010000,010000,010000,010000,010000,010000,010000,010000,010000,010000,010101,010000,010000,010002,05000F,010008,010004,010004,010000,010000,010000,010000,010000,010000,010000,010006,05000A,080008,080000,080000,080000,080000,080000,080000,080000,080000,080002,070008,070000,070000,070202,01080A,070008,XXXX,XXXX,XXXX,XXXX
52,030000,040000,040002,050008,050000,050002,040008,040000,040000,040000,040000,040000,040000,040000,040000,040000,040000,040000,040000,040000,040000,040000,040000,040000,040000,040000,040000,040000,040000,040000,040002,05000B,010008,010000,010000,010000,010000,010000,010000,010000,010000,010000,010000,010000,010000,010000,010004,010004,010000,010000,010000,010000,010000,010000,010004,010004,010000,010000,010000,010000,010000,010000,010000,010000,010000,010000,010004,010001,010002,050009,050003,01000C,010004,010004,010004,010004,010004,010006,050009,050006,08000C,080000,080000,080000,080000,080000,080000,080000,080000,080002,070008,070000,070000,070202,01080A,070008,XXXX,XXXX,XXXX,XXXX
53,030000,040000,040002,050008,050000,050002,040008,040000,040000,040000,040000,040000,040000,040000,040000,040000,040000,040000,040000,040000,040000,040000,040000,040000,040000,040000,040000,040000,040000,040000,040002,05000A,010008,010000,010000,010004,010000,010000,010000,010004,010000,010000,010000,010004,010000,010002,050009,050003,010008,010000,010000,010000,010000,010002,050009,050003,010008,010000,010000,010004,010000,010000,010004,010000,010004,010002,05000F,010008,010002,05000C,050006,05000D,050005,050001,050001,050005,050005,050001,050006,04000B,05000F,08000C,080000,080000,080000,080000,080000,080000,080000,080002,070008,070000,070000,070202,01080A,070008,XXXX,XXXX,XXXX,XXXX
54,030000,040000,040002,050008,050000,050002,040008,040000,040000,040000,040000,040000,040000,040000,040000,040000,040000,040000,040000,040000,040000,040000,040000,040000,040000,040000,040000,040000,040000,040000,040002,05000A,010008,010000,010002,05000F,010008,010000,010002,05000F,010008,010000,010002,05000F,010008,010002,05000C,050006,010008,010000,010000,010000,010000,010002,05000C,050006,010008,010000,010002,05000F,010008,010002,05000F,01000A,05000F,010008,010001,010000,010000,010001,010001,010001,010003,050008,050006,04000D,040003,05000A,040009,040000,040003,05000F,080008,080000,080000,080000,080000,080000,080000,080002,070008,070000,070000,070606,01080A,070008,XXXX,XXXX,XXXX,XXXX
55,030000,030000,040002,050008,050000,050002,040008,040000,040000,040000,040000,040000,040000,040000,040000,040000,040000,040000,040000,040000,040000,040000,040000,040000,040000,040000,040000,040000,040000,040000,040002,05000E,010008,010000,010000,010001,010000,010000,010000,010001,010000,010000,010000,010001,010000,010000,010001,010001,010000,010000,010000,010000,010000,010000,010001,010001,010000,010000,010000,010001,010000,010000,010001,010000,010001,010000,010000,010000,010004,010004,010000,010000,010002,05000A,04000B,05000F,04000A,05000E,040008,0A0000,0A0002,080009,080000,080000,080000,080000,080000,080000,080000,080002,070008,070000,070202,010909,010002,070008,XXXX,XXXX,XXXX,XXXX
56,030000,030000,040002,050008,050000,050002,040008,040000,040000,040000,040000,040000,040000,040000,040000,040000,040000,040000,040000,040000,040000,040000,040000,040000,040000,040000,040000,040000,040000,040000,040000,040027,010088,010000,010000,010000,010404,010404,010404,010000,010000,010000,010000,010000,010000,010000,010000,010000,010000,010000,010000,010000,010000,010000,010000,010000,010000,010000,010000,010000,010000,010000,010000,010000,010000,010000,010000,010002,050009,050003,01000C,010004,010006,05000A,040008,040001,040000,0A0001,0A0000,0A0000,0A0002,080008,080000,080000,080000,080000,080000,080000,080000,080002,070008,070000,070202,010808,010002,070008,XXXX,XXXX,XXXX,XXXX
57,030000,030000,040002,050008,050000,050002,040008,040000,040000,040000,040000,040000,040000,040000,040000,040000,040000,040000,040000,040000,040000,040000,040000,040000,040000,040000,040000,040000,040000,040000,040002,05000B,01000C,010044,010004,010206,02090D,0A0505,0A0105,010004,010004,010404,010004,010004,010004,010004,010004,010004,010000,010000,010000,010000,010000,010000,010004,010004,010000,010000,010004,010004,010000,010004,010004,010000,010004,010004,010000,010002,05000C,050006,050009,050005,050005,050006,04000C,040000,040000,0A0000,0A0000,0A0004,0A0006,08000C,080004,080004,080004,080004,080004,080004,080004,080006,070008,070000,070606,010808,010002,070008,XXXX,XXXX,XXXX,XXXX
58,030000,030000,040002,050008,050000,050002,04040C,040404,040404,040404,040404,040404,040404,040404,040404,040404,040404,040404,040004,040044,040004,040004,040004,040004,040004,040004,040004,040004,040004,040004,040006,05000C,050007,04001B,05000D,050005,050007,05010F,05000D,050005,050007,05010F,05000D,050005,050005,050007,050009,050003,010008,010000,010000,010000,010000,010002,050009,050003,010008,010002,050009,050003,01000A,050009,050003,01000A,050009,050003,010008,010000,010003,050009,050006,04000D,040001,040003,05000F,040008,040000,0A0000,0A0006,080009,080001,080001,080001,080001,080003,000009,000001,000001,000003,070009,070000,070202,010909,010000,010006,070008,XXXX,XXXX,XXXX,XXXX
59,030000,030000,040002,050008,050000,050002,050109,050101,050303,040D0D,040505,040101,040101,040101,040101,040101,040101,040123,010089,010011,010003,010009,010001,010001,010001,010001,010001,010001,010001,010001,010003,040009,040001,040000,040001,040001,040001,040001,040003,040009,040001,040001,040001,040001,040003,05000B,05000C,050006,010008,010000,010000,010000,010000,010002,05000C,050006,01000C,010002,05000C,050006,01000A,05000C,050006,01000A,05000C,050006,010008,010000,010002,05000A,04000B,05000F,040008,040000,040001,040000,040000,0A0006,080009,080000,080000,080000,080000,080004,080006,000008,000000,000000,000202,070808,070000,070202,010808,010002,070009,070000,XXXX,XXXX,XXXX,XXXX
60,030000,030000,040002,050008,050000,050002,050008,050000,050000,050101,050303,040C0C,040404,040000,040000,040002,040008,040002,010008,010000,010022,010088,010000,010000,010000,010000,010000,010000,010000,010000,010002,040008,040000,040000,040000,040000,040000,040000,040002,040008,040000,040000,040000,040000,040002,05000A,020009,020023,010088,010000,010000,010000,010000,010000,010003,05000D,050003,010008,010003,05000B,010008,010001,010001,010000,010003,05000F,010008,010000,010002,05000A,04000C,040001,040000,040000,040000,040000,040006,080009,080000,080000,080000,080000,080002,020009,020001,000000,000000,000000,000002,070008,070000,070606,010808,010006,070008,XXXX,XXXX,XXXX,XXXX,XXXX
61,030000,030000,040002,050008,050000,050002,050008,050000,050000,050000,050000,050101,050303,040C0C,040404,040002,040008,040002,01000C,010044,010006,010008,010000,010000,010000,010000,010000,010000,010000,010000,010002,040008,040000,040000,040000,040000,040000,040000,040002,040008,040000,040000,040000,040000,040002,05000A,02000C,020026,010088,010000,010000,010000,010000,010000,010000,010003,05000A,01000C,010006,05000A,01000C,010004,010004,010004,010006,02000D,010004,010004,010006,050008,050007,040008,040000,040000,040000,040006,080009,080000,080000,080000,080000,080004,080006,02000C,020006,00000C,000404,000004,000006,070008,070202,010909,010002,070009,070000,XXXX,XXXX,XXXX,XXXX,XXXX
62,030000,030000,040002,050008,050000,050002,05040C,050404,050404,050404,050404,050404,050404,050505,050707,040C0E,04000C,040006,010009,010011,010003,010008,010000,010000,010000,010000,010000,010000,010000,010000,010022,040088,040000,040000,040000,040000,040000,040000,040002,040008,040000,040000,040000,040000,040002,05000C,050005,05000B,010008,010000,010000,010000,010000,010000,010000,010002,050008,050005,050005,050000,050005,050005,050001,050005,050005,050005,050001,050005,050001,050006,040009,040000,040000,040000,040006,080009,080000,080000,080000,080000,080006,02040D,0A0405,0A0405,0A0405,0A0405,0A0505,0A0405,070001,070000,070606,010808,010006,070008,XXXX,XXXX,XXXX,XXXX,XXXX,XXXX
63,030000,030000,040002,050008,050000,050002,010109,010101,010101,010303,010D0D,010505,010101,010101,010101,010101,010001,010003,01000C,010000,010006,010008,010000,010000,010000,010000,010000,010000,010000,010000,010002,040008,040000,040000,040000,040000,040004,040004,040006,04000C,040044,040404,040404,040404,040406,040009,040003,05000A,010008,010000,010000,010000,010000,010000,010000,010006,05000A,040009,040003,05000A,040009,040003,05000A,040009,040001,040003,05000E,01000B,05000E,040009,040000,040000,040004,040006,080009,080000,080000,080000,080000,080006,060009,060101,060101,060101,060101,060101,060303,070909,070000,070202,010909,010002,070009,070000,XXXX,XXXX,XXXX,XXXX,XXXX,XXXX
64,030000,030000,040002,050008,050000,050002,010008,010000,010000,010000,010101,010303,010C0C,010404,010000,010000,010000,010002,05000F,01040E,05000F,01000C,010004,010004,010004,010004,010004,010004,010004,010004,010046,040008,040000,040000,040000,040000,040001,040001,040001,040001,040013,030109,030101,030101,030103,040008,040002,05000A,010008,010000,010000,010000,010000,010000,010006,050009,050006,040008,040002,05000E,040008,040002,05000E,040008,040000,040000,040001,010000,040001,040000,040004,040006,080009,080001,080000,080000,080000,080000,080006,060009,060000,060000,060000,060000,060000,060000,060606,070808,070000,070606,010808,010006,070008,XXXX,XXXX,XXXX,XXXX,XXXX,XXXX,XXXX
65,030000,030000,040002,050008,050000,050002,01000C,010000,010000,010000,010000,010000,010101,010303,010C0C,010404,010000,010202,070809,070101,070001,070001,070001,070001,070001,070001,070003,010009,010001,010001,010013,040008,040000,040000,040000,040000,040000,040000,040000,040000,040002,030008,030000,030000,030002,040008,040002,05000A,010008,010000,010000,010000,010000,010002,050009,050006,040009,040000,040000,040001,040000,040000,040001,040000,040000,040000,040004,010004,040004,040006,08000D,080001,080000,080000,080000,080000,080000,080006,060009,060000,060000,060000,060000,060000,060000,060606,070909,070000,070202,010909,010002,070009,070000,XXXX,XXXX,XXXX,XXXX,XXXX,XXXX,XXXX
66,030000,030000,040002,050008,050000,050002,05000B,01000C,010004,010000,010000,010000,010000,010000,010101,010303,010C0C,010606,070808,070000,070000,070000,070000,070000,070000,070000,070002,010008,010000,010000,010002,040008,040000,040000,040000,040000,040000,040000,040000,040000,040002,030008,030000,030000,030002,04040C,040406,05000A,01000C,010044,010004,010004,010004,010046,05000A,040009,040000,040000,040000,040000,040000,040000,040000,040004,040004,040006,010009,010001,010003,020009,020003,080008,080000,080000,080000,080000,080006,060009,060000,060000,060000,060000,060000,060000,060606,070909,070000,070000,070606,010808,010006,070008,XXXX,XXXX,XXXX,XXXX,XXXX,XXXX,XXXX,XXXX
67,030000,030000,040002,050008,050000,050002,050008,050001,050003,01000C,010004,010000,010000,010000,010000,010000,010101,010103,070008,070000,070000,070000,070000,070000,070000,070000,070002,010008,010000,010000,010002,040008,040000,040000,040000,040000,040000,040000,040000,040000,040002,03000C,030004,030004,030006,090109,090103,05000C,050007,04001B,05000D,050005,050007,02001B,05000E,040008,040000,040000,040000,040000,040004,040004,040006,010009,010001,010001,010000,010000,010002,020008,020006,080008,080000,080000,080000,080006,060009,060000,060000,060000,060000,060000,060000,060606,070909,070000,070000,070606,010909,010002,070009,070000,XXXX,XXXX,XXXX,XXXX,XXXX,XXXX,XXXX,XXXX
68,030000,030000,040002,05000C,050004,050002,050008,050000,050002,050009,050003,01000C,010004,010000,010000,010000,010000,010002,070008,070000,070000,070000,070000,070000,070000,070000,070002,01000C,010004,010004,010006,040008,040000,040000,040000,040000,040000,040000,040000,040000,040000,0A0001,040001,040001,0A0001,040000,040000,040001,0A0001,040000,040001,0A0203,04080B,02000A,040009,040000,040000,040004,040004,040006,010009,010001,010001,010000,010000,010000,010000,010000,010000,010002,080009,080000,080000,080000,080006,060009,060000,060000,060000,060000,060000,060000,060606,070909,070000,070000,070606,010909,010000,010006,070008,XXXX,XXXX,XXXX,XXXX,XXXX,XXXX,XXXX,XXXX,XXXX
69,030000,030000,040000,040001,040003,05000E,05000C,050000,050002,050008,050000,050003,05000B,01000C,010004,010000,010000,010002,070008,070000,070000,070000,070000,070000,070000,070000,070000,070001,070001,070001,070203,040808,040000,040000,040004,040004,040004,040004,040004,040004,040004,0A0004,040004,040004,0A0004,040004,040004,040004,0A0004,040004,040004,0A0206,04080E,02004E,04000C,040004,040006,010009,010001,010005,010000,010000,010000,010000,010000,010000,010000,010000,010000,010002,080008,080000,080004,080006,060009,060000,060000,060000,060000,060000,060000,060606,070909,070000,070000,070606,010909,010000,010006,070009,070000,XXXX,XXXX,XXXX,XXXX,XXXX,XXXX,XXXX,XXXX,XXXX
70,030000,030000,030000,040000,040000,040001,040003,05000C,050006,050008,050000,050002,050008,050001,050003,01000C,010004,010006,070008,070000,070000,070000,070000,070000,070000,070000,070000,070000,070000,070000,070202,040C0C,040404,040404,040405,040405,040405,040405,040405,040407,010009,010001,010001,010001,010003,010009,010001,010001,010001,010001,010005,010005,010045,010015,010005,010045,010005,010006,010008,020007,010008,010000,010000,010000,010000,010000,010000,010000,010000,010002,08000C,080006,060009,060001,060000,060000,060000,060000,060000,060404,060606,070909,070000,070000,070606,010909,010000,010006,070009,070000,XXXX,XXXX,XXXX,XXXX,XXXX,XXXX,XXXX,XXXX,XXXX,XXXX
71,030000,030000,030000,040000,040000,040000,040000,040001,040003,05000C,050004,050002,050008,050000,050002,050009,050001,050003,070008,070000,070000,070000,070000,070000,070000,070000,070000,070000,070000,070000,070000,070101,070303,020B0B,070909,070101,070101,070101,070101,070103,01000E,010008,010000,010000,010002,010008,010000,010000,010000,010002,010009,010001,010011,010003,010009,010011,010001,010003,010008,010003,010008,010000,010000,010000,010000,010000,010000,010000,010000,010002,060009,060001,060000,060000,060000,060000,060000,060404,060606,070909,070101,070000,070000,070606,010909,010000,010006,070009,070000,XXXX,XXXX,XXXX,XXXX,XXXX,XXXX,XXXX,XXXX,XXXX,XXXX,XXXX
72,030000,030000,030000,040000,040000,040000,040000,040000,040000,040001,040003,05000E,05000C,050000,050002,050008,050000,050002,070008,070000,070000,070000,070000,070000,070000,070000,070000,070000,070000,070000,070000,070000,070202,020A0A,070808,070000,070000,070000,070000,070002,05000B,010008,010000,010000,010002,010008,010000,010000,010000,010002,010008,010000,010000,010002,010008,010000,010000,010002,010008,010022,010088,010000,010000,010000,010000,010000,010000,010000,010000,010002,060008,060000,060000,060202,09080A,06040C,060606,070909,070101,070000,070000,070000,070606,010909,010000,010006,070009,070000,XXXX,XXXX,XXXX,XXXX,XXXX,XXXX,XXXX,XXXX,XXXX,XXXX,XXXX,XXXX
73,030000,030000,030000,040000,040000,040000,040000,040000,040000,040000,040000,040001,040003,05000C,050006,050008,050000,050002,070008,070000,070000,070000,070000,070000,070000,070000,070000,070000,070000,070000,070000,070000,070202,020A0A,070808,070000,070000,070000,070000,070002,05000E,01000C,010004,010004,010000,010000,010004,010004,010004,010006,01000C,010004,010004,010006,01000C,010004,010004,010006,010008,010006,010008,010000,010000,010000,010000,010000,010000,010004,010004,010006,06040C,060404,060404,060606,070808,070101,070101,070000,070000,070000,070404,070606,010909,010000,010006,070009,070000,XXXX,XXXX,XXXX,XXXX,XXXX,XXXX,XXXX,XXXX,XXXX,XXXX,XXXX,XXXX,XXXX
74,030000,030000,030000,040000,040000,040000,040000,040000,040000,040000,040000,040000,040000,040001,040003,05000C,050004,050006,07040C,070404,070404,070000,070000,070000,070000,070000,070000,070000,070000,070000,070000,070000,070202,020A0A,070808,070000,070000,070000,070000,070000,070001,070001,070001,070003,0A000C,0A0006,070009,070001,070001,070001,070001,070001,070001,070405,070405,070405,070405,070407,01000A,010009,010000,010000,010000,010000,010004,010004,010006,070009,070001,070001,070101,070101,070101,070101,070000,070000,070000,070000,070404,070606,010909,010101,010000,010006,070009,070000,XXXX,XXXX,XXXX,XXXX,XXXX,XXXX,XXXX,XXXX,XXXX,XXXX,XXXX,XXXX,XXXX,XXXX
75,030000,030000,030000,040000,040000,040000,040000,040000,040000,040000,040000,040000,040000,040000,040000,040001,040001,040001,010101,010101,010303,070C0C,070404,070404,070404,070404,070404,070404,070000,070000,070000,070000,070202,020A0A,070808,070000,070000,070000,070000,070000,070000,070000,070000,070000,070001,070001,070000,070000,070000,070000,070000,070000,070202,080909,0A0505,0A0505,070101,070103,01000E,01000C,010004,010004,010004,010006,070009,070001,070001,070404,070404,070000,070000,070000,070000,070000,070000,070000,070404,070606,010909,010101,010000,010004,010006,070009,070000,XXXX,XXXX,XXXX,XXXX,XXXX,XXXX,XXXX,XXXX,XXXX,XXXX,XXXX,XXXX,XXXX,XXXX,XXXX
76,030000,030000,030000,040000,040000,040000,040000,040000,040000,040000,040000,040000,040000,040000,040000,040000,040000,040000,010000,010000,010000,010101,010101,010101,010101,010101,010101,010303,070C0C,070404,070404,070404,070606,020E0A,070C0C,070404,070404,070404,070000,070000,070000,070000,070000,070000,070000,070000,070000,070000,070000,070000,070000,070000,070202,090A0A,070D0D,070505,070404,070404,070405,070405,070405,070405,070405,070405,070404,070404,070606,070909,070303,090A0A,070808,070000,070004,070004,070004,070206,010909,010101,010000,010004,010006,070009,070001,070000,XXXX,XXXX,XXXX,XXXX,XXXX,XXXX,XXXX,XXXX,XXXX,XXXX,XXXX,XXXX,XXXX,XXXX,XXXX,XXXX
77,030000,030000,030000,040000,040000,040000,040000,040000,040000,040000,040000,040000,040000,040000,040000,040000,040000,010000,010000,010000,010000,010000,010000,010000,010000,010000,010000,010000,010101,010101,010101,010101,010101,010100,010101,010101,010101,010303,070C0C,070404,070404,070404,070404,070404,070404,070404,070404,070404,070404,070404,070404,070404,070606,080C0C,0A0505,070505,070505,070505,070505,070505,070505,070505,070505,070505,070505,070505,070505,070404,070606,090A0A,070C0C,070606,010909,010101,010101,010101,010000,010004,010006,070009,070001,070000,XXXX,XXXX,XXXX,XXXX,XXXX,XXXX,XXXX,XXXX,XXXX,XXXX,XXXX,XXXX,XXXX,XXXX,XXXX,XXXX,XXXX,XXXX
78,030000,030000,030000,040000,040000,040000,040000,040000,040000,040000,040000,040000,040000,040000,040000,040000,040000,010004,010004,010004,010004,010004,010004,010004,010004,010004,010004,010004,010004,010004,010004,010004,010004,010004,010004,010004,010004,010004,010105,010105,010105,010105,010105,010105,010105,010105,010105,010105,010105,010105,010105,010105,010105,010105,010105,010105,010105,010105,010105,010105,010105,010105,010105,010105,010105,010105,010105,010105,010105,010004,010105,010105,010004,010004,010004,010004,010006,070009,070001,070000,XXXX,XXXX,XXXX,XXXX,XXXX,XXXX,XXXX,XXXX,XXXX,XXXX,XXXX,XXXX,XXXX,XXXX,XXXX,XXXX,XXXX,XXXX,XXXX,XXXX
79,030000,030000,030000,040004,040004,040004,040004,040004,040004,040004,040004,040004,040004,040004,040004,040004,040006,070000,070000,070000,070000,070000,070000,070000,070000,070000,070000,070000,070000,070000,070000,070000,070000,070000,070000,070000,070000,070000,070000,070000,070000,070000,070000,070000,070000,070000,070000,070000,070000,070000,070000,070000,070000,070000,070000,070000,070000,070000,070000,070000,070000,070000,070000,070000,070000,070000,070000,070000,070000,070000,070000,070000,070000,070000,070000,070000,070000,070000,XXXX,XXXX,XXXX,XXXX,XXXX,XXXX,XXXX,XXXX,XXXX,XXXX,XXXX,XXXX,XXXX,XXXX,XXXX,XXXX,XXXX,XXXX,XXXX,XXXX,XXXX,XXXX
